<?xml version="1.0" encoding="UTF-8"?>
<foo:Root 

          xmlns="http://example.org/" 

          xmlns:bar="http://example.org/bar" 
          xmlns:baz="http://example.org/baz" 
          xmlns:foo="http://example.org/foo" 

          xml:lang="en-ie"
          
          >
  <bar:Something>
    <foo:Nothing>
      <foo:Something>
        <bar:Something>
          <foo:Something>
            <foo:Nothing>
              <foo:Something>
                <baz:Something />
              </foo:Something>
            </foo:Nothing>
          </foo:Something>
        </bar:Something>
      </foo:Something>
    </foo:Nothing>
  </bar:Something>
  <Signature xmlns="http://www.w3.org/2000/09/xmldsig#">
    <SignedInfo>
      <CanonicalizationMethod Algorithm="http://www.w3.org/TR/2001/REC-xml-c14n-20010315" />
      <SignatureMethod Algorithm="http://www.w3.org/2000/09/xmldsig#dsa-sha1" />
      <Reference URI=""><!-- 24 -->
        <Transforms>
          <Transform Algorithm="http://www.w3.org/TR/1999/REC-xpath-19991116">
            <XPath>
              
              ancestor-or-self::bar:Something  and
              (count(parent::node()/namespace::*)  =
               count(parent::node()/namespace::* | self::node()))
            </XPath>
          </Transform>
          <Transform Algorithm="http://www.w3.org/2001/10/xml-exc-c14n#">
            <InclusiveNamespaces xmlns="http://www.w3.org/2001/10/xml-exc-c14n#" PrefixList="#default" />
          </Transform>
        </Transforms>
        <DigestMethod Algorithm="http://www.w3.org/2000/09/xmldsig#sha1" />
        <DigestValue>9nKcDwpjNsAMgP+d+YYSVix6DG0=</DigestValue>
      </Reference>
    </SignedInfo>
    <SignatureValue>
      N6aqg79OKMQzkU7uTHRmn4ryplhaTh0OFlCRqa/rS+pUBV6M8nTX5A==
    </SignatureValue>
    <KeyInfo>
      <KeyValue>
        <DSAKeyValue>
          <P>
            3eOeAvqnEyFpW+uTSgrdj7YLjaTkpyHecKFIoLu8QZNkGTQI1ciITBH0lqfIkdCH
            Si8fiUC3DTq3J9FsJef4YVtDF7JpUvHTOQqtq7Zgx6KC8Wxkz6rQCxOr7F0ApOYi
            89zLRoe4MkDGe6ux0+WtyOTQoVIGNTDDUFXrUQNbLrE=
          </P>
          <Q>hDLcFK0GO/Hz1arxOOvsgM/VLyU=</Q>
          <G>
            nnx7hbdWozGbtnFgnbFnopfRl7XRacpkPJRGf5P2IUgVspEUSUoN6i1fDBfBg43z
            Kt7dlEaQL7b5+JTZt3MhZNPosxsgxVuT7Ts/g5k7EnpdYv0a5hw5Bw29fjbGHfgM
            8d2rhd2Ui0xHbk0D451nhLxVWulviOSPhzKKvXrbySA=
          </G>
          <Y>
            cfYpihpAQeepbNFS4MAbQRhdXpDi5wLrwxE5hIvoYqo1L8BQVu8fY1TFAPtoae1i
            Bg/GIJyP3iLfyuBJaDvJJLP30wBH9i/s5J3656PevpOVdTfi777Fi9Gj6y/ib2Vv
            +OZfJkkp4L50+p5TUhPmQLJtREsgtl+tnIOyJT++G9U=
          </Y>
        </DSAKeyValue>
      </KeyValue>
    </KeyInfo>
  </Signature>
</foo:Root>
