<root>

<!-- This is a document which is composed of individual HMAC-"Signatures"; the passphrase for
     this HMAC can be obtained using the following JAVA code snippet:
     
     "The super-mega-secret public static passphrase".getBytes()
     
      -->

<custom:signedContent xmlns:custom="http://custom/" Id="id0">Signed Text
<ds:Signature xmlns:ds="http://www.w3.org/2000/09/xmldsig#">
<ds:SignedInfo>
<ds:CanonicalizationMethod Algorithm="http://www.w3.org/TR/2001/REC-xml-c14n-20010315"></ds:CanonicalizationMethod>
<ds:SignatureMethod Algorithm="http://www.w3.org/2000/09/xmldsig#hmac-sha1"></ds:SignatureMethod>
<ds:Reference URI="">
<ds:Transforms>
<ds:Transform Algorithm="http://www.w3.org/TR/1999/REC-xpath-19991116">
<ds:XPath xmlns:root="http://custom/">
count(                                                                 
 ancestor-or-self::root:signedContent                                        
 |                                                                     
 here()/ancestor::root:signedContent[1]                                      
) &lt;= count(                                                             
 ancestor-or-self::root:signedContent                                        
)                                                                      
 and count(                                                                 
 ancestor-or-self::ds:Signature                                        
 |                                                                     
 here()/ancestor::ds:Signature[1]                                      
) &gt; count(                                                            
 ancestor-or-self::ds:Signature                                        
)                                                                      
</ds:XPath>
</ds:Transform>
</ds:Transforms>
<ds:DigestMethod Algorithm="http://www.w3.org/2000/09/xmldsig#sha1"></ds:DigestMethod>
<ds:DigestValue>2LNZnzV0w4qMqIZ65lsLkwiVXu8=</ds:DigestValue>
</ds:Reference>
</ds:SignedInfo>
<ds:SignatureValue>VpLmesFYNjWfczFXptTIR3ka6NM=</ds:SignatureValue>
<ds:KeyInfo>
<ds:KeyName>The super-mega-secret public static passphrase</ds:KeyName>
</ds:KeyInfo>
</ds:Signature></custom:signedContent>




<signedContent>Signed Text
<ds:Signature xmlns:ds="http://www.w3.org/2000/09/xmldsig#">
<ds:SignedInfo>
<ds:CanonicalizationMethod Algorithm="http://www.w3.org/TR/2001/REC-xml-c14n-20010315"></ds:CanonicalizationMethod>
<ds:SignatureMethod Algorithm="http://www.w3.org/2000/09/xmldsig#hmac-sha1"></ds:SignatureMethod>
<ds:Reference URI="">
<ds:Transforms>
<ds:Transform Algorithm="http://www.w3.org/TR/1999/REC-xpath-19991116">
<ds:XPath>
count(                                                                 
 ancestor-or-self::signedContent
 |                                                                     
 here()/ancestor::signedContent[1] 
) &lt;= count(                                                             
 ancestor-or-self::signedContent
)                                                                      
 and                                                                   
count(                                                                 
 ancestor-or-self::ds:Signature                                        
 |                                                                     
 here()/ancestor::ds:Signature[1]                                      
) &gt; count(                                                             
 ancestor-or-self::ds:Signature                                        
)                                                                      
</ds:XPath>
</ds:Transform>
</ds:Transforms>
<ds:DigestMethod Algorithm="http://www.w3.org/2000/09/xmldsig#sha1"></ds:DigestMethod>
<ds:DigestValue>enaMbSO5SSerSDywj55X8PVIYkY=</ds:DigestValue>
</ds:Reference>
</ds:SignedInfo>
<ds:SignatureValue>Z4u+kbDGrHYqOkYoZpd7NF41/to=</ds:SignatureValue>
<ds:KeyInfo>
<ds:KeyName>The super-mega-secret public static passphrase</ds:KeyName>
</ds:KeyInfo>
</ds:Signature></signedContent>



</root>