<ds:Signature xmlns:ds="http://www.w3.org/2000/09/xmldsig#">
<ds:SignedInfo>
<ds:CanonicalizationMethod Algorithm="http://www.w3.org/TR/2001/REC-xml-c14n-20010315"></ds:CanonicalizationMethod>
<ds:SignatureMethod Algorithm="http://www.w3.org/2000/09/xmldsig#hmac-sha1"></ds:SignatureMethod>
<ds:Reference URI="iaikTests.example1.xml">
<ds:Transforms>
<ds:Transform Algorithm="http://www.w3.org/TR/1999/REC-xpath-19991116">
<ds:XPath>self::Parent or (parent::Parent and not(self::Child)) or self::GrandChild or parent::GrandChild</ds:XPath>
</ds:Transform>
</ds:Transforms>
<ds:DigestMethod Algorithm="http://www.w3.org/2000/09/xmldsig#sha1"></ds:DigestMethod>
<ds:DigestValue>ayC7IAjulu8Ujs1l7IOkr09X9Lo=</ds:DigestValue>
</ds:Reference>
<ds:Reference URI="iaikTests.example1.xml">
<ds:Transforms>
<ds:Transform Algorithm="http://www.w3.org/TR/1999/REC-xpath-19991116">
<ds:XPath>self::Parent or (parent::Parent and not(self::Child)) or self::GrandChild or parent::GrandChild</ds:XPath>
</ds:Transform>
<ds:Transform Algorithm="http://www.w3.org/2001/10/xml-exc-c14n#"></ds:Transform>
</ds:Transforms>
<ds:DigestMethod Algorithm="http://www.w3.org/2000/09/xmldsig#sha1"></ds:DigestMethod>
<ds:DigestValue>tYcPYeXWUpBwCJKaPHpnT+oc7FQ=</ds:DigestValue>
</ds:Reference>
<ds:Reference URI="iaikTests.example2.xml">
<ds:Transforms>
<ds:Transform Algorithm="http://www.w3.org/TR/1999/REC-xpath-19991116">
<ds:XPath xmlns:default="http://example.org">self::Parent or (parent::Parent and not(self::default:Child)) or self::GrandChild or parent::GrandChild</ds:XPath>
</ds:Transform>
</ds:Transforms>
<ds:DigestMethod Algorithm="http://www.w3.org/2000/09/xmldsig#sha1"></ds:DigestMethod>
<ds:DigestValue>3/E99/WWurMo5RB3R9mPMi8TNek=</ds:DigestValue>
</ds:Reference>
<ds:Reference URI="iaikTests.example2.xml">
<ds:Transforms>
<ds:Transform Algorithm="http://www.w3.org/TR/1999/REC-xpath-19991116">
<ds:XPath xmlns:default="http://example.org">self::Parent or (parent::Parent and not(self::default:Child)) or self::GrandChild or parent::GrandChild</ds:XPath>
</ds:Transform>
<ds:Transform Algorithm="http://www.w3.org/2001/10/xml-exc-c14n#"></ds:Transform>
</ds:Transforms>
<ds:DigestMethod Algorithm="http://www.w3.org/2000/09/xmldsig#sha1"></ds:DigestMethod>
<ds:DigestValue>3/E99/WWurMo5RB3R9mPMi8TNek=</ds:DigestValue>
</ds:Reference>
<ds:Reference URI="iaikTests.example3.xml">
<ds:Transforms>
<ds:Transform Algorithm="http://www.w3.org/TR/1999/REC-xpath-19991116">
<ds:XPath xmlns:default="http://example.org/default" xmlns:ns1="http://example.org/ns1">self::default:Parent or (parent::default:Parent and not(self::default:Child)) or self::ns1:GrandChild or parent::ns1:GrandChild or self::default:GrandChild or parent::default:GrandChild</ds:XPath>
</ds:Transform>
</ds:Transforms>
<ds:DigestMethod Algorithm="http://www.w3.org/2000/09/xmldsig#sha1"></ds:DigestMethod>
<ds:DigestValue>+9y4JHXxsQSJitQS+qdtKd7P5LE=</ds:DigestValue>
</ds:Reference>
<ds:Reference URI="iaikTests.example3.xml">
<ds:Transforms>
<ds:Transform Algorithm="http://www.w3.org/TR/1999/REC-xpath-19991116">
<ds:XPath xmlns:default="http://example.org/default" xmlns:ns1="http://example.org/ns1">self::default:Parent or (parent::default:Parent and not(self::default:Child)) or self::ns1:GrandChild or parent::ns1:GrandChild or self::default:GrandChild or parent::default:GrandChild</ds:XPath>
</ds:Transform>
<ds:Transform Algorithm="http://www.w3.org/2001/10/xml-exc-c14n#"></ds:Transform>
</ds:Transforms>
<ds:DigestMethod Algorithm="http://www.w3.org/2000/09/xmldsig#sha1"></ds:DigestMethod>
<ds:DigestValue>HLOhaTrExlTg9ARVdOhHdm1DAKk=</ds:DigestValue>
</ds:Reference>
<ds:Reference URI="iaikTests.example4.xml">
<ds:Transforms>
<ds:Transform Algorithm="http://www.w3.org/TR/1999/REC-xpath-19991116">
<ds:XPath xmlns:ns1="http://example.org/ns1">self::Parent or (parent::Parent and not(self::Child)) or self::ns1:GrandChild or parent::ns1:GrandChild</ds:XPath>
</ds:Transform>
</ds:Transforms>
<ds:DigestMethod Algorithm="http://www.w3.org/2000/09/xmldsig#sha1"></ds:DigestMethod>
<ds:DigestValue>C+g6VAAmq2rWCqmCfHpLn7BFB/c=</ds:DigestValue>
</ds:Reference>
<ds:Reference URI="iaikTests.example4.xml">
<ds:Transforms>
<ds:Transform Algorithm="http://www.w3.org/TR/1999/REC-xpath-19991116">
<ds:XPath xmlns:ns1="http://example.org/ns1">self::Parent or (parent::Parent and not(self::Child)) or self::ns1:GrandChild or parent::ns1:GrandChild</ds:XPath>
</ds:Transform>
<ds:Transform Algorithm="http://www.w3.org/2001/10/xml-exc-c14n#">
<ec:InclusiveNamespaces xmlns:ec="http://www.w3.org/2001/10/xml-exc-c14n#" PrefixList="ns2"></ec:InclusiveNamespaces>
</ds:Transform>
</ds:Transforms>
<ds:DigestMethod Algorithm="http://www.w3.org/2000/09/xmldsig#sha1"></ds:DigestMethod>
<ds:DigestValue>C+g6VAAmq2rWCqmCfHpLn7BFB/c=</ds:DigestValue>
</ds:Reference>
<ds:Reference URI="#object1">
<ds:Transforms>
<ds:Transform Algorithm="http://www.w3.org/TR/1999/REC-xpath-19991116">
<ds:XPath>self::node()[local-name()='included']</ds:XPath>
</ds:Transform>
</ds:Transforms>
<ds:DigestMethod Algorithm="http://www.w3.org/2000/09/xmldsig#sha1"></ds:DigestMethod>
<ds:DigestValue>88Za9lnkp8gPOLX7++YejNYrMM4=</ds:DigestValue>
</ds:Reference>
<ds:Reference URI="#object2">
<ds:Transforms>
<ds:Transform Algorithm="http://www.w3.org/TR/1999/REC-xpath-19991116">
<ds:XPath>self::node()[local-name()='included']</ds:XPath>
</ds:Transform>
</ds:Transforms>
<ds:DigestMethod Algorithm="http://www.w3.org/2000/09/xmldsig#sha1"></ds:DigestMethod>
<ds:DigestValue>88Za9lnkp8gPOLX7++YejNYrMM4=</ds:DigestValue>
</ds:Reference>
<ds:Reference URI="#object3">
<ds:Transforms>
<ds:Transform Algorithm="http://www.w3.org/TR/1999/REC-xpath-19991116">
<ds:XPath>self::node()[local-name()='included']</ds:XPath>
</ds:Transform>
</ds:Transforms>
<ds:DigestMethod Algorithm="http://www.w3.org/2000/09/xmldsig#sha1"></ds:DigestMethod>
<ds:DigestValue>HcClpcT4LE7kG97QmEzfrZN6NDs=</ds:DigestValue>
</ds:Reference>
<ds:Reference URI="#object4">
<ds:Transforms>
<ds:Transform Algorithm="http://www.w3.org/TR/1999/REC-xpath-19991116">
<ds:XPath>self::node()[local-name()='included']</ds:XPath>
</ds:Transform>
</ds:Transforms>
<ds:DigestMethod Algorithm="http://www.w3.org/2000/09/xmldsig#sha1"></ds:DigestMethod>
<ds:DigestValue>CEbIRLGkMMMsljDbWikaNZyEGpQ=</ds:DigestValue>
</ds:Reference>
<ds:Reference URI="#object5">
<ds:Transforms>
<ds:Transform Algorithm="http://www.w3.org/TR/1999/REC-xpath-19991116">
<ds:XPath>self::node()[local-name()='included']</ds:XPath>
</ds:Transform>
</ds:Transforms>
<ds:DigestMethod Algorithm="http://www.w3.org/2000/09/xmldsig#sha1"></ds:DigestMethod>
<ds:DigestValue>qExL0LdXvtjt7x2o4oEIYes3Nww=</ds:DigestValue>
</ds:Reference>
<ds:Reference URI="#object6">
<ds:Transforms>
<ds:Transform Algorithm="http://www.w3.org/TR/1999/REC-xpath-19991116">
<ds:XPath>self::node()[local-name()='included']</ds:XPath>
</ds:Transform>
</ds:Transforms>
<ds:DigestMethod Algorithm="http://www.w3.org/2000/09/xmldsig#sha1"></ds:DigestMethod>
<ds:DigestValue>qExL0LdXvtjt7x2o4oEIYes3Nww=</ds:DigestValue>
</ds:Reference>
<ds:Reference URI="#object6">
<ds:Transforms>
<ds:Transform Algorithm="http://www.w3.org/TR/1999/REC-xpath-19991116">
<ds:XPath>self::node()[local-name()='included']</ds:XPath>
</ds:Transform>
<ds:Transform Algorithm="http://www.w3.org/TR/2001/REC-xml-c14n-20010315"></ds:Transform>
</ds:Transforms>
<ds:DigestMethod Algorithm="http://www.w3.org/2000/09/xmldsig#sha1"></ds:DigestMethod>
<ds:DigestValue>qExL0LdXvtjt7x2o4oEIYes3Nww=</ds:DigestValue>
</ds:Reference>
<ds:Reference URI="#object6">
<ds:Transforms>
<ds:Transform Algorithm="http://www.w3.org/TR/1999/REC-xpath-19991116">
<ds:XPath>self::node()[local-name()='included']</ds:XPath>
</ds:Transform>
<ds:Transform Algorithm="http://www.w3.org/TR/2001/REC-xml-c14n-20010315"></ds:Transform>
<ds:Transform Algorithm="http://www.w3.org/TR/2001/REC-xml-c14n-20010315"></ds:Transform>
</ds:Transforms>
<ds:DigestMethod Algorithm="http://www.w3.org/2000/09/xmldsig#sha1"></ds:DigestMethod>
<ds:DigestValue>qExL0LdXvtjt7x2o4oEIYes3Nww=</ds:DigestValue>
</ds:Reference>
</ds:SignedInfo>
<ds:SignatureValue>00Ca2XAfO1cL10+K405lqKW692c=</ds:SignatureValue>
<ds:KeyInfo>
<ds:KeyName>The UTF-8 octets of "secret" are used for signing (6 octets)</ds:KeyName>
</ds:KeyInfo>
<ds:Object Id="object1">
<included xml:lang="de">
<notIncluded>
<notIncluded xml:lang="uk">
<included>
</included>
</notIncluded>
</notIncluded>
</included>
</ds:Object>
<ds:Object Id="object2">
<included xml:lang="uk">
<notIncluded xml:lang="de">
<notIncluded xml:lang="uk">
<included>
</included>
</notIncluded>
</notIncluded>
</included>
</ds:Object>
<ds:Object Id="object3">
<included xml:lang="de">
<notIncluded>
<notIncluded xml:lang="uk">
<included xml:lang="de">
</included>
</notIncluded>
</notIncluded>
</included>
</ds:Object>
<ds:Object Id="object4">
<included xml:lang="de">
<included>
<notIncluded xml:lang="uk">
<included>
</included>
</notIncluded>
</included>
</included>
</ds:Object>
<ds:Object Id="object5">
<included xml:lang="de">
<included>
<notIncluded xml:lang="uk" xml:space="preserve">
<included>
</included>
</notIncluded>
</included>
</included>
</ds:Object>
<ds:Object Id="object6">
<included xml:lang="de" xml:space="preserve">
<included>
<notIncluded xml:lang="uk">
<included>
</included>
</notIncluded>
</included>
</included>
</ds:Object>
</ds:Signature>