<?xml version="1.0" encoding="UTF-8"?>
<Signature xmlns="http://www.w3.org/2000/09/xmldsig#">
  <SignedInfo>
    <CanonicalizationMethod Algorithm="http://www.w3.org/TR/2001/REC-xml-c14n-20010315" />
    <SignatureMethod Algorithm="http://www.w3.org/2001/04/xmldsig-more#rsa-sha384" />
    <Reference URI="http://www.w3.org/TR/xml-stylesheet">
      <DigestMethod Algorithm="http://www.w3.org/2000/09/xmldsig#sha1" />
      <DigestValue>60NvZvtdTB+7UnlLp/H24p7h4bs=</DigestValue>
    </Reference>
  </SignedInfo>
  <SignatureValue>
    iCFcaXnxf+H9Q+9AvLFGwvn8nKzLlPQqSzmfyb+Drgy7Q7RPss5TvVLllr8b0/dM
    bQPBXQYKKrr3AlFQuF4HYDpYxQNYBnZ47lZatzTEDhWEobb3QsQ4yHRqbHovBtrv
    A9cKuHJ1iB2nt7azCkvQjYM8pkK43FFbtcQQLzr57Jw=
  </SignatureValue>
  <KeyInfo>
    <KeyValue>
      <RSAKeyValue>
        <Modulus>
          pU6U8NxNs6Qk4MAkegl3dnY9OY1yQ57ExNgdZ0K0tid1lDrXTVShFkE5vB5NPfHB
          bwWqPAbemv/hGxTiTZIHul6FmK4cbO67Mkf/jHrZQ5XP6cHzZk+SHRpJPO2VaGJd
          uZBeluz3looZMX2wfadDBbgxCb3OtfcDoBZycKwDGPc=
        </Modulus>
        <Exponent>
          AQAB
        </Exponent>
      </RSAKeyValue>
    </KeyValue>
  </KeyInfo>
</Signature>
