<?xml version="1.0" encoding="UTF-8"?>
<Signature xmlns="http://www.w3.org/2000/09/xmldsig#">
  <SignedInfo>
    <CanonicalizationMethod Algorithm="http://www.w3.org/TR/2001/REC-xml-c14n-20010315" />
    <SignatureMethod Algorithm="http://www.w3.org/2001/04/xmldsig-more#rsa-sha256" />
    <Reference URI="http://www.w3.org/TR/xml-stylesheet">
      <DigestMethod Algorithm="http://www.w3.org/2001/04/xmlenc#sha512" />
      <DigestValue>c8+KT9+qCSbNpdZm7/dp9Mv/lgF51ATycY0Ttz/0bw2p5nvnmeEgQpIPw5HhVJ9Ku6dDf0RKVVR/CsYvPGfnEg==</DigestValue>
    </Reference>
  </SignedInfo>
  <SignatureValue>
    DI2fLiaorGPsnxrUzMHda3cYjDM05Q/r5uye36CPFs5fw4AgnK+fyz6meiQ8w1wf
    Ldo1yI6Ulc0ZPlqr6Bbao4Oes7n00es7faU8GknShVsqZ9t3d8rRRxG3jYUAUezx
    wlUgP2+TcA1Fm4samMRXBbchswE9mk4x29t78e8x0ig=
  </SignatureValue>
  <KeyInfo>
    <KeyValue>
      <RSAKeyValue>
        <Modulus>
          pU6U8NxNs6Qk4MAkegl3dnY9OY1yQ57ExNgdZ0K0tid1lDrXTVShFkE5vB5NPfHB
          bwWqPAbemv/hGxTiTZIHul6FmK4cbO67Mkf/jHrZQ5XP6cHzZk+SHRpJPO2VaGJd
          uZBeluz3looZMX2wfadDBbgxCb3OtfcDoBZycKwDGPc=
        </Modulus>
        <Exponent>
          AQAB
        </Exponent>
      </RSAKeyValue>
    </KeyValue>
  </KeyInfo>
</Signature>
