<?xml version="1.0" encoding="UTF-8"?>
<Signature xmlns="http://www.w3.org/2000/09/xmldsig#">
  <SignedInfo>
    <CanonicalizationMethod Algorithm="http://www.w3.org/TR/2001/REC-xml-c14n-20010315" />
    <SignatureMethod Algorithm="http://www.w3.org/2000/09/xmldsig#dsa-sha1" />
    <Reference URI="http://www.w3.org/TR/xml-stylesheet">
      <DigestMethod Algorithm="http://www.w3.org/2001/04/xmldsig-more#md5" />
      <DigestValue>kTIRCXq2BPgXx/cIs+W0xg==</DigestValue>
    </Reference>
  </SignedInfo>
  <SignatureValue>
    EHMLSVi7U5n/KgZBOjkhUIGIXD9fRgiYZh4srsTEldq02sWYiuyuyg==
  </SignatureValue>
  <KeyInfo>
    <KeyValue>
      <DSAKeyValue>
        <P>
          8FkJgwdyizV5Vd0m6DA/DZsdweJdnkueYVUd7L8aA4JpZxrlCI/M7mDE/OGhEhgB
          nFzSTrBjSFpT7DG66uy7oJeE+RgkXO7EWWOEglMPwaZgGgi1oZarv95VOx3uO8W8
          L7+S/3AuHNUZQD4b5bpdYAmjXFwz6dl0mKiXAvVuP9E=
        </P>
        <Q>
          mFf8DiMVNFXy0vag9oNGNW/g4u0=
        </Q>
        <G>
          g8gRdNlq9EOTR2TjmVApqCAZAq3jEjOIxXbs8JBiZ+U7dV9geeXEy13GbYoP23Qr
          apZQo+35diw+cMYPHjN+iUCwUkiGWv7/piAK+Ootfw03etL8XiVWjtL5NBof2CNp
          wmAw7mrwmNG092y1e6HXSGMMZpaoth/P8xhsxCQsqI8=
        </G>
        <Y>
          j0V14dc/I+okDAeG4ZbWUzb3HTFkEOC6feOMo5Dk218GcPqEKroVHaDBF9CmRV1v
          B8MUOExB+6ZNHfcs5Vaw0HVn62YiEBzrmKikx6SxO4Dg9L8I5WbHn37vxUKvHs8r
          7+rma3kpZQftTMiBpJ8XK8Z6jg8VhuJqo9yZZO+p3I0=
        </Y>
      </DSAKeyValue>
    </KeyValue>
  </KeyInfo>
</Signature>
