<?xml version="1.0" encoding="UTF-8"?>
<Signature xmlns="http://www.w3.org/2000/09/xmldsig#">
  <SignedInfo>
    <CanonicalizationMethod Algorithm="http://www.w3.org/TR/2001/REC-xml-c14n-20010315" />
    <SignatureMethod Algorithm="http://www.w3.org/2001/04/xmldsig-more#hmac-sha384" />
    <Reference URI="http://www.w3.org/TR/xml-stylesheet">
      <DigestMethod Algorithm="http://www.w3.org/2000/09/xmldsig#sha1" />
      <DigestValue>60NvZvtdTB+7UnlLp/H24p7h4bs=</DigestValue>
    </Reference>
  </SignedInfo>
  <SignatureValue>
    rj5ICWGYWqPaUd8oDKeo+1foP7qBo3fjCUexzQdJuMSA3wIils/m2wjK+XunnckT
  </SignatureValue>
</Signature>
